{"stats":{"minecraft:picked_up":{"minecraft:coarse_dirt":1,"minecraft:acacia_log":3,"minecraft:dirt":1},"minecraft:used":{"minecraft:dirt":1,"minecraft:coarse_dirt":1},"minecraft:custom":{"minecraft:time_since_rest":3177,"minecraft:crouch_one_cm":670,"minecraft:play_time":3177,"minecraft:sprint_one_cm":13178,"minecraft:damage_taken":30,"minecraft:walk_one_cm":3378,"minecraft:sneak_time":320,"minecraft:jump":85,"minecraft:damage_dealt":99,"minecraft:leave_game":6,"minecraft:time_since_death":3177,"minecraft:total_world_time":3177,"minecraft:climb_one_cm":100,"minecraft:fall_one_cm":3576,"minecraft:fly_one_cm":19947},"minecraft:crafted":{"minecraft:acacia_planks":12,"minecraft:crafting_table":1,"minecraft:stick":8},"minecraft:mined":{"minecraft:short_grass":17,"minecraft:acacia_log":3,"minecraft:grass_block":1,"minecraft:coarse_dirt":1,"minecraft:vine":1}},"DataVersion":3953}